{
    "Report": {
        "UsedVehicles": 1,
        "UnusedVehicles": 2,
        "TotalDistance": 184.161,
        "Date": "2024-06-10T21:53:50.531807300",
        "TotalDuration": 4.335555555555556
    },
    "AidBoxs": [{
            "Zone": "Pombeiro",
            "Containers": [{
                    "Type": null,
                    "Measurements": [],
                    "Capacity": 500.0,
                    "Code": "N1EI"
                }, {
                    "Type": null,
                    "Measurements": [],
                    "Capacity": 750.0,
                    "Code": "V116"
                }, {
                    "Type": null,
                    "Measurements": [],
                    "Capacity": 500.0,
                    "Code": "MY6L"
                }, {
                    "Type": null,
                    "Measurements": [],
                    "Capacity": 120.0,
                    "Code": "PL7KI"
                }],
            "Latitude": 41.381961,
            "Code": "CAIXF37",
            "Longitude": -8.228073
        }, {
            "Zone": "Caramos",
            "Containers": [{
                    "Type": null,
                    "Measurements": [],
                    "Capacity": 400.0,
                    "Code": "NLIK"
                }, {
                    "Type": null,
                    "Measurements": [],
                    "Capacity": 750.0,
                    "Code": "V76L"
                }, {
                    "Type": null,
                    "Measurements": [],
                    "Capacity": 500.0,
                    "Code": "MQQ6"
                }],
            "Latitude": 41.342536,
            "Code": "CAIXF44",
            "Longitude": -8.169107
        }, {
            "Zone": "Lagares",
            "Containers": [{
                    "Type": null,
                    "Measurements": [],
                    "Capacity": 600.0,
                    "Code": "N1Y0"
                }, {
                    "Type": null,
                    "Measurements": [],
                    "Capacity": 530.0,
                    "Code": "V11L"
                }, {
                    "Type": null,
                    "Measurements": [],
                    "Capacity": 500.0,
                    "Code": "MY7Y"
                }, {
                    "Type": null,
                    "Measurements": [],
                    "Capacity": 100.0,
                    "Code": "PL9E0"
                }],
            "Latitude": 41.371914,
            "Code": "CAIXF38",
            "Longitude": -8.237
        }, {
            "Zone": "Moure",
            "Containers": [{
                    "Type": null,
                    "Measurements": [],
                    "Capacity": 600.0,
                    "Code": "N100"
                }, {
                    "Type": null,
                    "Measurements": [],
                    "Capacity": 750.0,
                    "Code": "V099"
                }, {
                    "Type": null,
                    "Measurements": [],
                    "Capacity": 100.0,
                    "Code": "PL66K"
                }],
            "Latitude": 41.357226,
            "Code": "CAIXF32",
            "Longitude": -8.168678
        }, {
            "Zone": "Sousa",
            "Containers": [{
                    "Type": null,
                    "Measurements": [],
                    "Capacity": 600.0,
                    "Code": "N10L"
                }, {
                    "Type": null,
                    "Measurements": [],
                    "Capacity": 750.0,
                    "Code": "V0QQ"
                }, {
                    "Type": null,
                    "Measurements": [],
                    "Capacity": 500.0,
                    "Code": "M6Q1"
                }, {
                    "Type": null,
                    "Measurements": [],
                    "Capacity": 70.0,
                    "Code": "PL6Q1"
                }],
            "Latitude": 41.346402,
            "Code": "CAIXF34",
            "Longitude": -8.253136
        }, {
            "Zone": "Margaride",
            "Containers": [{
                    "Type": null,
                    "Measurements": [],
                    "Capacity": 600.0,
                    "Code": "N7YL"
                }, {
                    "Type": null,
                    "Measurements": [],
                    "Capacity": 750.0,
                    "Code": "V6E1"
                }, {
                    "Type": null,
                    "Measurements": [],
                    "Capacity": 500.0,
                    "Code": "MQL1"
                }, {
                    "Type": null,
                    "Measurements": [],
                    "Capacity": 100.0,
                    "Code": "PQE0"
                }],
            "Latitude": 41.376615,
            "Code": "CAIXF42",
            "Longitude": -8.192797
        }, {
            "Zone": "Rande",
            "Containers": [{
                    "Type": null,
                    "Measurements": [],
                    "Capacity": 600.0,
                    "Code": "N106"
                }, {
                    "Type": null,
                    "Measurements": [],
                    "Capacity": 900.0,
                    "Code": "V0EK"
                }, {
                    "Type": null,
                    "Measurements": [],
                    "Capacity": 500.0,
                    "Code": "M69E"
                }],
            "Latitude": 41.336092,
            "Code": "CAIXF33",
            "Longitude": -8.239746
        }, {
            "Zone": "Sendim",
            "Containers": [{
                    "Type": null,
                    "Measurements": [],
                    "Capacity": 1200.0,
                    "Code": "N7YK"
                }, {
                    "Type": null,
                    "Measurements": [],
                    "Capacity": 750.0,
                    "Code": "V1Y0"
                }, {
                    "Type": null,
                    "Measurements": [],
                    "Capacity": 500.0,
                    "Code": "MYEI"
                }, {
                    "Type": null,
                    "Measurements": [],
                    "Capacity": 100.0,
                    "Code": "PPIK"
                }],
            "Latitude": 41.385567,
            "Code": "CAIXF41",
            "Longitude": -8.181038
        }, {
            "Zone": "Margaride",
            "Containers": [{
                    "Type": null,
                    "Measurements": [],
                    "Capacity": 600.0,
                    "Code": "N9Y7"
                }, {
                    "Type": null,
                    "Measurements": [],
                    "Capacity": 500.0,
                    "Code": "V6Q0"
                }, {
                    "Type": null,
                    "Measurements": [],
                    "Capacity": 500.0,
                    "Code": "MQQ0"
                }, {
                    "Type": null,
                    "Measurements": [],
                    "Capacity": 100.0,
                    "Code": "P6Q0"
                }],
            "Latitude": 41.364635,
            "Code": "CAIXF43",
            "Longitude": -8.188334
        }, {
            "Zone": "Torrados",
            "Containers": [{
                    "Type": null,
                    "Measurements": [],
                    "Capacity": 300.0,
                    "Code": "N6Q0"
                }, {
                    "Type": null,
                    "Measurements": [],
                    "Capacity": 750.0,
                    "Code": "V11Q"
                }, {
                    "Type": null,
                    "Measurements": [],
                    "Capacity": 660.0,
                    "Code": "MY9E"
                }, {
                    "Type": null,
                    "Measurements": [],
                    "Capacity": 100.0,
                    "Code": "PLIQL"
                }],
            "Latitude": 41.353876,
            "Code": "CAIXF39",
            "Longitude": -8.233566
        }, {
            "Zone": "Barrosas",
            "Containers": [{
                    "Type": null,
                    "Measurements": [],
                    "Capacity": 1000.0,
                    "Code": "N110"
                }, {
                    "Type": null,
                    "Measurements": [],
                    "Capacity": 750.0,
                    "Code": "V106"
                }, {
                    "Type": null,
                    "Measurements": [],
                    "Capacity": 600.0,
                    "Code": "M70L"
                }, {
                    "Type": null,
                    "Measurements": [],
                    "Capacity": 100.0,
                    "Code": "PPL70L"
                }],
            "Latitude": 41.35233,
            "Code": "CAIXF35",
            "Longitude": -8.302574
        }, {
            "Zone": "Penacova",
            "Containers": [{
                    "Type": null,
                    "Measurements": [],
                    "Capacity": 600.0,
                    "Code": "NYI7"
                }, {
                    "Type": null,
                    "Measurements": [],
                    "Capacity": 750.0,
                    "Code": "VLIK"
                }, {
                    "Type": null,
                    "Measurements": [],
                    "Capacity": 500.0,
                    "Code": "MY00"
                }],
            "Latitude": 41.372364,
            "Code": "CAIXF49",
            "Longitude": -8.252878
        }, {
            "Zone": "Lixa",
            "Containers": [{
                    "Type": null,
                    "Measurements": [],
                    "Capacity": 600.0,
                    "Code": "NLKQ"
                }, {
                    "Type": null,
                    "Measurements": [],
                    "Capacity": 400.0,
                    "Code": "V7KI"
                }, {
                    "Type": null,
                    "Measurements": [],
                    "Capacity": 500.0,
                    "Code": "MQQQ"
                }],
            "Latitude": 41.326811,
            "Code": "CAIXF45",
            "Longitude": -8.147564
        }, {
            "Zone": "Pombeiro",
            "Containers": [{
                    "Type": null,
                    "Measurements": [],
                    "Capacity": 600.0,
                    "Code": "NYK0"
                }, {
                    "Type": null,
                    "Measurements": [],
                    "Capacity": 750.0,
                    "Code": "VQE1"
                }, {
                    "Type": null,
                    "Measurements": [],
                    "Capacity": 500.0,
                    "Code": "MY17"
                }],
            "Latitude": 41.380351,
            "Code": "CAIXF51",
            "Longitude": -8.22361
        }, {
            "Zone": "Lixa",
            "Containers": [{
                    "Type": null,
                    "Measurements": [],
                    "Capacity": 600.0,
                    "Code": "NQE0"
                }, {
                    "Type": null,
                    "Measurements": [],
                    "Capacity": 750.0,
                    "Code": "V9E0"
                }, {
                    "Type": null,
                    "Measurements": [],
                    "Capacity": 900.0,
                    "Code": "MQQY"
                }],
            "Latitude": 41.322428,
            "Code": "CAIXF46",
            "Longitude": -8.145332
        }, {
            "Zone": "Sernande",
            "Containers": [{
                    "Type": null,
                    "Measurements": [],
                    "Capacity": 600.0,
                    "Code": "NYI6"
                }, {
                    "Type": null,
                    "Measurements": [],
                    "Capacity": 750.0,
                    "Code": "VIQQ"
                }, {
                    "Type": null,
                    "Measurements": [],
                    "Capacity": 350.0,
                    "Code": "MQYL"
                }],
            "Latitude": 41.342149,
            "Code": "CAIXF48",
            "Longitude": -8.230906
        }, {
            "Zone": "Vila Fria",
            "Containers": [{
                    "Type": null,
                    "Measurements": [],
                    "Capacity": 600.0,
                    "Code": "NYIQ"
                }, {
                    "Type": null,
                    "Measurements": [],
                    "Capacity": 750.0,
                    "Code": "VQE0"
                }, {
                    "Type": null,
                    "Measurements": [],
                    "Capacity": 500.0,
                    "Code": "MY07"
                }],
            "Latitude": 41.384859,
            "Code": "CAIXF50",
            "Longitude": -8.244982
        }, {
            "Zone": "Pinheiro",
            "Containers": [{
                    "Type": null,
                    "Measurements": [],
                    "Capacity": 350.0,
                    "Code": "NQE1"
                }, {
                    "Type": null,
                    "Measurements": [],
                    "Capacity": 750.0,
                    "Code": "VIQL"
                }, {
                    "Type": null,
                    "Measurements": [],
                    "Capacity": 500.0,
                    "Code": "MQY6"
                }],
            "Latitude": 41.366696,
            "Code": "CAIXF47",
            "Longitude": -8.155203
        }, {
            "Zone": "Tagilde",
            "Containers": [{
                    "Type": null,
                    "Measurements": [],
                    "Capacity": 600.0,
                    "Code": "N111"
                }, {
                    "Type": null,
                    "Measurements": [],
                    "Capacity": 280.0,
                    "Code": "V111"
                }, {
                    "Type": null,
                    "Measurements": [],
                    "Capacity": 500.0,
                    "Code": "ME0I"
                }, {
                    "Type": null,
                    "Measurements": [],
                    "Capacity": 100.0,
                    "Code": "PLE0I"
                }],
            "Latitude": 41.371656,
            "Code": "CAIXF36",
            "Longitude": -8.270645
        }, {
            "Zone": "Margaride",
            "Containers": [{
                    "Type": null,
                    "Measurements": [],
                    "Capacity": 600.0,
                    "Code": "N7KI"
                }, {
                    "Type": null,
                    "Measurements": [],
                    "Capacity": 750.0,
                    "Code": "V1QL"
                }, {
                    "Type": null,
                    "Measurements": [],
                    "Capacity": 500.0,
                    "Code": "MYE6"
                }, {
                    "Type": null,
                    "Measurements": [],
                    "Capacity": 80.0,
                    "Code": "PLIQQ"
                }],
            "Latitude": 41.361349,
            "Code": "CAIXF40",
            "Longitude": -8.198204
        }],
    "Name": "wasd",
    "Vehicles": [{
            "Type": "PERISHABLE_FOOD",
            "Capacity": 123.0,
            "State": "INACTIVE",
            "Plate": "Toyota"
        }, {
            "Type": "NON_PERISHABLE_FOOD",
            "Capacity": 456.0,
            "State": "ACTIVE",
            "Plate": "Ford"
        }, {
            "Type": "MEDICINE",
            "Capacity": 675.0,
            "State": "INACTIVE",
            "Plate": "Peugeot"
        }]
}