<?xml version="1.0" encoding="UTF-8"?>
<project-private xmlns="http://www.netbeans.org/ns/project-private/1">
    <editor-bookmarks xmlns="http://www.netbeans.org/ns/editor-bookmarks/2" lastBookmarkId="0"/>
    <open-files xmlns="http://www.netbeans.org/ns/projectui-open-files/2">
        <group>
            <file>file:/C:/Users/Asus/Desktop/Universidade/pptrabalho%20aaa/trabalho_PP/src/PP_AC_8220190_8220862/pickingManagement/Route.java</file>
            <file>file:/C:/Users/Asus/Desktop/Universidade/pptrabalho%20aaa/trabalho_PP/src/PP_AC_8220190_8220862/pickingManagement/RouteValidator.java</file>
            <file>file:/C:/Users/Asus/Desktop/Universidade/pptrabalho%20aaa/trabalho_PP/src/PP_AC_8220190_8220862/core/AidBox.java</file>
        </group>
    </open-files>
</project-private>
